category,transactions,revenue,customers,avg_discount
Electronics,21095,3656344.03,18897,0.041763451054752314
Home,18421,2111476.98,16793,0.04111340318115195
Fashion,19339,1379487.79,17560,0.041281865660065156
Sports,10168,1035807.81,9652,0.041724036191974824
Beauty,9224,393206.22,8801,0.04061686903729402
Grocery,14431,310249.43,13390,0.041033192432956826
