acquisition_channel,unique_customers,total_transactions,net_revenue,gross_revenue,transactions_per_customer,revenue_per_customer
Organic,18210,28012,2713150.87,2565334.77,1.5382756727073037,148.99235969247667
Paid Search,18064,27866,2661265.29,2499671.93,1.5426262178919399,147.32425210363152
Email,8899,13783,1325649.09,1255819.95,1.5488257107540173,148.9660737161479
Social,8932,13745,1303814.7,1218334.54,1.5388490819525302,145.9711934617107
Referral,5986,9272,882692.31,834805.17,1.5489475442699632,147.45945706648848
