channel,estimated_budget,total_revenue,unique_customers,total_transactions,roas,cac,cpt,roas_weight,optimized_budget,budget_change,budget_change_pct,projected_revenue,revenue_increase
Affiliate,424413.6325,1697654.53,17528,17676,4.0,24.213466025787312,24.010728247341028,16.0,354362.57200000004,-70051.06049999996,-16.505374741938798,1417450.2880000002,-280204.24199999985
Display,321279.925,1285119.7,13335,13437,4.0,24.09298275215598,23.91009339882414,16.0,354362.57200000004,33082.647000000055,10.297141036745467,1417450.2880000002,132330.58800000022
Email,359801.815,1439207.26,15028,15108,4.0,23.94209575459143,23.815317381519726,16.0,354362.57200000004,-5439.242999999959,-1.5117330633810055,1417450.2880000002,-21756.971999999834
Paid Search,407429.95,1629719.8,16806,16949,4.0,24.243124479352613,24.038583397250576,16.0,354362.57200000004,-53067.37799999997,-13.02490845358815,1417450.2880000002,-212269.51199999987
Social,258887.5375,1035550.15,10633,10719,4.0,24.347553606696135,24.152209860994496,16.0,354362.57200000004,95475.03450000004,36.8789611975818,1417450.2880000002,381900.13800000015
